code,Weather_Label,file,col,,,,,,,
0,None within 50 metres ,acc,CrossingControl,,,,,,,
1,Control by school crossing patrol,acc,CrossingControl,,,,,,,
2,Control by other authorised person,acc,CrossingControl,,,,,,,
-1,Data missing or out of range,acc,CrossingControl,,,,,,,
0,No physical crossing facilities within 50 metres,acc,CrossingFacilities,,,,,,,
1,Zebra,acc,CrossingFacilities,,,,,,,
4,"Pelican, puffin, toucan or similar non-junction pedestrian light crossing",acc,CrossingFacilities,,,,,,,
5,Pedestrian phase at traffic signal junction,acc,CrossingFacilities,,,,,,,
7,Footbridge or subway,acc,CrossingFacilities,,,,,,,
8,Central refuge,acc,CrossingFacilities,,,,,,,
-1,Data missing or out of range,acc,CrossingFacilities,,,,,,,
0,None,acc,Hazards,,,,,,,
1,Vehicle load on road,acc,Hazards,,,,,,,
2,Other object on road,acc,Hazards,,,,,,,
3,Previous accident,acc,Hazards,,,,,,,
4,Dog on road,acc,Hazards,,,,,,,
5,Other animal on road,acc,Hazards,,,,,,,
6,Pedestrian in carriageway - not injured,acc,Hazards,,,,,,,
7,Any animal in carriageway (except ridden horse),acc,Hazards,,,,,,,
-1,Data missing or out of range,acc,Hazards,,,,,,,
0,Not at junction or within 20 metres,acc,JunctionControl,,,,,,,
1,Authorised person,acc,JunctionControl,,,,,,,
2,Auto traffic signal,acc,JunctionControl,,,,,,,
3,Stop sign,acc,JunctionControl,,,,,,,
4,Give way or uncontrolled,acc,JunctionControl,,,,,,,
-1,Data missing or out of range,acc,JunctionControl,,,,,,,
0,Not at junction or within 20 metres,acc,JunctionDetail,,,,,,,
1,Roundabout,acc,JunctionDetail,,,,,,,
2,Mini-roundabout,acc,JunctionDetail,,,,,,,
3,T or staggered junction,acc,JunctionDetail,,,,,,,
5,Slip road,acc,JunctionDetail,,,,,,,
6,Crossroads,acc,JunctionDetail,,,,,,,
7,More than 4 arms (not roundabout),acc,JunctionDetail,,,,,,,
8,Private drive or entrance,acc,JunctionDetail,,,,,,,
9,Other junction,acc,JunctionDetail,,,,,,,
-1,Data missing or out of range,acc,JunctionDetail,,,,,,,
1,Westminster,acc,LA,,,,,,,
2,Camden,acc,LA,,,,,,,
3,Islington,acc,LA,,,,,,,
4,Hackney,acc,LA,,,,,,,
5,Tower Hamlets,acc,LA,,,,,,,
6,Greenwich,acc,LA,,,,,,,
7,Lewisham,acc,LA,,,,,,,
8,Southwark,acc,LA,,,,,,,
9,Lambeth,acc,LA,,,,,,,
10,Wandsworth,acc,LA,,,,,,,
11,Hammersmith and Fulham,acc,LA,,,,,,,
12,Kensington and Chelsea,acc,LA,,,,,,,
13,Waltham Forest,acc,LA,,,,,,,
14,Redbridge,acc,LA,,,,,,,
15,Havering,acc,LA,,,,,,,
16,Barking and Dagenham,acc,LA,,,,,,,
17,Newham,acc,LA,,,,,,,
18,Bexley,acc,LA,,,,,,,
19,Bromley,acc,LA,,,,,,,
20,Croydon,acc,LA,,,,,,,
21,Sutton,acc,LA,,,,,,,
22,Merton,acc,LA,,,,,,,
23,Kingston upon Thames,acc,LA,,,,,,,
24,Richmond upon Thames,acc,LA,,,,,,,
25,Hounslow,acc,LA,,,,,,,
26,Hillingdon,acc,LA,,,,,,,
27,Ealing,acc,LA,,,,,,,
28,Brent,acc,LA,,,,,,,
29,Harrow,acc,LA,,,,,,,
30,Barnet,acc,LA,,,,,,,
31,Haringey,acc,LA,,,,,,,
32,Enfield,acc,LA,,,,,,,
33,Hertsmere,acc,LA,,,,,,,
38,Epsom and Ewell,acc,LA,,,,,,,
40,Spelthorne,acc,LA,,,,,,,
57,London Airport (Heathrow),acc,LA,,,,,,,
60,Allerdale,acc,LA,,,,,,,
61,Barrow-in-Furness,acc,LA,,,,,,,
62,Carlisle,acc,LA,,,,,,,
63,Copeland,acc,LA,,,,,,,
64,Eden,acc,LA,,,,,,,
65,South Lakeland,acc,LA,,,,,,,
70,Blackburn with Darwen,acc,LA,,,,,,,
71,Blackpool,acc,LA,,,,,,,
72,Burnley,acc,LA,,,,,,,
73,Chorley,acc,LA,,,,,,,
74,Fylde,acc,LA,,,,,,,
75,Hyndburn,acc,LA,,,,,,,
76,Lancaster,acc,LA,,,,,,,
77,Pendle,acc,LA,,,,,,,
79,Preston,acc,LA,,,,,,,
80,Ribble Valley,acc,LA,,,,,,,
82,Rossendale,acc,LA,,,,,,,
83,South Ribble,acc,LA,,,,,,,
84,West Lancashire,acc,LA,,,,,,,
85,Wyre,acc,LA,,,,,,,
90,Knowsley,acc,LA,,,,,,,
91,Liverpool,acc,LA,,,,,,,
92,St. Helens,acc,LA,,,,,,,
93,Sefton,acc,LA,,,,,,,
95,Wirral,acc,LA,,,,,,,
100,Bolton,acc,LA,,,,,,,
101,Bury,acc,LA,,,,,,,
102,Manchester,acc,LA,,,,,,,
104,Oldham,acc,LA,,,,,,,
106,Rochdale,acc,LA,,,,,,,
107,Salford,acc,LA,,,,,,,
109,Stockport,acc,LA,,,,,,,
110,Tameside,acc,LA,,,,,,,
112,Trafford,acc,LA,,,,,,,
114,Wigan,acc,LA,,,,,,,
120,Chester,acc,LA,,,,,,,
121,Congleton,acc,LA,,,,,,,
122,Crewe and Nantwich,acc,LA,,,,,,,
123,Ellesmere Port and Neston,acc,LA,,,,,,,
124,Halton,acc,LA,,,,,,,
126,Macclesfield,acc,LA,,,,,,,
127,Vale Royal,acc,LA,,,,,,,
128,Warrington,acc,LA,,,,,,,
129,Cheshire East,acc,LA,,,,,,,
130,Cheshire West and Chester,acc,LA,,,,,,,
139,Northumberland,acc,LA,,,,,,,
140,Alnwick,acc,LA,,,,,,,
141,Berwick-upon-Tweed,acc,LA,,,,,,,
142,Blyth Valley,acc,LA,,,,,,,
143,Castle Morpeth,acc,LA,,,,,,,
144,Tynedale,acc,LA,,,,,,,
145,Wansbeck,acc,LA,,,,,,,
146,Gateshead,acc,LA,,,,,,,
147,Newcastle upon Tyne,acc,LA,,,,,,,
148,North Tyneside,acc,LA,,,,,,,
149,South Tyneside,acc,LA,,,,,,,
150,Sunderland,acc,LA,,,,,,,
160,Chester-le-Street,acc,LA,,,,,,,
161,Darlington,acc,LA,,,,,,,
162,Derwentside,acc,LA,,,,,,,
163,Durham,acc,LA,,,,,,,
164,Easington,acc,LA,,,,,,,
165,Sedgefield,acc,LA,,,,,,,
166,Teesdale,acc,LA,,,,,,,
168,Wear Valley,acc,LA,,,,,,,
169,County Durham,acc,LA,,,,,,,
180,Craven,acc,LA,,,,,,,
181,Hambleton,acc,LA,,,,,,,
182,Harrogate,acc,LA,,,,,,,
184,Richmondshire,acc,LA,,,,,,,
185,Ryedale,acc,LA,,,,,,,
186,Scarborough,acc,LA,,,,,,,
187,Selby,acc,LA,,,,,,,
189,York,acc,LA,,,,,,,
200,Bradford,acc,LA,,,,,,,
202,Calderdale,acc,LA,,,,,,,
203,Kirklees,acc,LA,,,,,,,
204,Leeds,acc,LA,,,,,,,
206,Wakefield,acc,LA,,,,,,,
210,Barnsley,acc,LA,,,,,,,
211,Doncaster,acc,LA,,,,,,,
213,Rotherham,acc,LA,,,,,,,
215,Sheffield,acc,LA,,,,,,,
228,"Kingston upon Hull, City of",acc,LA,,,,,,,
231,East Riding of Yorkshire,acc,LA,,,,,,,
232,North Lincolnshire,acc,LA,,,,,,,
233,North East Lincolnshire,acc,LA,,,,,,,
240,Hartlepool,acc,LA,,,,,,,
241,Redcar and Cleveland,acc,LA,,,,,,,
243,Middlesbrough,acc,LA,,,,,,,
245,Stockton-on-Tees,acc,LA,,,,,,,
250,Cannock Chase,acc,LA,,,,,,,
251,East Staffordshire,acc,LA,,,,,,,
252,Lichfield,acc,LA,,,,,,,
253,Newcastle-under-Lyme,acc,LA,,,,,,,
254,South Staffordshire,acc,LA,,,,,,,
255,Stafford,acc,LA,,,,,,,
256,Staffordshire Moorlands,acc,LA,,,,,,,
257,Stoke-on-Trent,acc,LA,,,,,,,
258,Tamworth,acc,LA,,,,,,,
270,Bromsgrove,acc,LA,,,,,,,
273,Malvern Hills,acc,LA,,,,,,,
274,Redditch,acc,LA,,,,,,,
276,Worcester,acc,LA,,,,,,,
277,Wychavon,acc,LA,,,,,,,
278,Wyre Forest,acc,LA,,,,,,,
279,Bridgnorth,acc,LA,,,,,,,
280,North Shropshire,acc,LA,,,,,,,
281,Oswestry,acc,LA,,,,,,,
282,Shrewsbury and Atcham,acc,LA,,,,,,,
283,South Shropshire,acc,LA,,,,,,,
284,Telford and Wrekin,acc,LA,,,,,,,
285,"Herefordshire, County of ",acc,LA,,,,,,,
286,Shropshire,acc,LA,,,,,,,
290,North Warwickshire,acc,LA,,,,,,,
291,Nuneaton and Bedworth,acc,LA,,,,,,,
292,Rugby ,acc,LA,,,,,,,
293,Stratford-upon-Avon,acc,LA,,,,,,,
294,Warwick,acc,LA,,,,,,,
300,Birmingham,acc,LA,,,,,,,
302,Coventry,acc,LA,,,,,,,
303,Dudley,acc,LA,,,,,,,
305,Sandwell,acc,LA,,,,,,,
306,Solihull,acc,LA,,,,,,,
307,Walsall,acc,LA,,,,,,,
309,Wolverhampton,acc,LA,,,,,,,
320,Amber Valley,acc,LA,,,,,,,
321,Bolsover,acc,LA,,,,,,,
322,Chesterfield,acc,LA,,,,,,,
323,Derby,acc,LA,,,,,,,
324,Erewash,acc,LA,,,,,,,
325,High Peak,acc,LA,,,,,,,
327,North East Derbyshire,acc,LA,,,,,,,
328,South Derbyshire,acc,LA,,,,,,,
329,Derbyshire Dales,acc,LA,,,,,,,
340,Ashfield,acc,LA,,,,,,,
341,Bassetlaw,acc,LA,,,,,,,
342,Broxtowe,acc,LA,,,,,,,
343,Gedling,acc,LA,,,,,,,
344,Mansfield,acc,LA,,,,,,,
345,Newark and Sherwood,acc,LA,,,,,,,
346,Nottingham,acc,LA,,,,,,,
347,Rushcliffe,acc,LA,,,,,,,
350,Boston,acc,LA,,,,,,,
351,East Lindsey,acc,LA,,,,,,,
352,Lincoln,acc,LA,,,,,,,
353,North Kesteven,acc,LA,,,,,,,
354,South Holland,acc,LA,,,,,,,
355,South Kesteven,acc,LA,,,,,,,
356,West Lindsey,acc,LA,,,,,,,
360,Blaby,acc,LA,,,,,,,
361,Hinckley and Bosworth,acc,LA,,,,,,,
362,Charnwood,acc,LA,,,,,,,
363,Harborough,acc,LA,,,,,,,
364,Leicester,acc,LA,,,,,,,
365,Melton,acc,LA,,,,,,,
366,North West Leicestershire,acc,LA,,,,,,,
367,Oadby and Wigston,acc,LA,,,,,,,
368,Rutland,acc,LA,,,,,,,
380,Corby,acc,LA,,,,,,,
381,Daventry,acc,LA,,,,,,,
382,East Northamptonshire,acc,LA,,,,,,,
383,Kettering,acc,LA,,,,,,,
384,Northampton,acc,LA,,,,,,,
385,South Northamptonshire,acc,LA,,,,,,,
386,Wellingborough,acc,LA,,,,,,,
390,Cambridge,acc,LA,,,,,,,
391,East Cambridgeshire,acc,LA,,,,,,,
392,Fenland,acc,LA,,,,,,,
393,Huntingdonshire,acc,LA,,,,,,,
394,Peterborough,acc,LA,,,,,,,
395,South Cambridgeshire,acc,LA,,,,,,,
400,Breckland,acc,LA,,,,,,,
401,Broadland,acc,LA,,,,,,,
402,Great Yarmouth,acc,LA,,,,,,,
404,Norwich,acc,LA,,,,,,,
405,North Norfolk,acc,LA,,,,,,,
406,South Norfolk,acc,LA,,,,,,,
407,King's Lynn and West Norfolk,acc,LA,,,,,,,
410,Babergh,acc,LA,,,,,,,
411,Forest Heath,acc,LA,,,,,,,
412,Ipswich,acc,LA,,,,,,,
413,Mid Suffolk,acc,LA,,,,,,,
414,St. Edmundsbury,acc,LA,,,,,,,
415,Suffolk Coastal,acc,LA,,,,,,,
416,Waveney,acc,LA,,,,,,,
420,Bedford,acc,LA,,,,,,,
421,Luton,acc,LA,,,,,,,
422,Mid Bedfordshire,acc,LA,,,,,,,
423,South Bedfordshire,acc,LA,,,,,,,
424,Central Bedfordshire,acc,LA,,,,,,,
430,Broxbourne,acc,LA,,,,,,,
431,Dacorum,acc,LA,,,,,,,
432,East Hertfordshire,acc,LA,,,,,,,
433,North Hertfordshire,acc,LA,,,,,,,
434,St. Albans,acc,LA,,,,,,,
435,Stevenage,acc,LA,,,,,,,
436,Three Rivers,acc,LA,,,,,,,
437,Watford,acc,LA,,,,,,,
438,Welwyn Hatfield,acc,LA,,,,,,,
450,Basildon,acc,LA,,,,,,,
451,Braintree,acc,LA,,,,,,,
452,Brentwood,acc,LA,,,,,,,
453,Castle Point,acc,LA,,,,,,,
454,Chelmsford,acc,LA,,,,,,,
455,Colchester,acc,LA,,,,,,,
456,Epping Forest,acc,LA,,,,,,,
457,Harlow,acc,LA,,,,,,,
458,Maldon,acc,LA,,,,,,,
459,Rochford,acc,LA,,,,,,,
460,Southend-on-Sea,acc,LA,,,,,,,
461,Tendring,acc,LA,,,,,,,
462,Thurrock,acc,LA,,,,,,,
463,Uttlesford,acc,LA,,,,,,,
470,Bracknell Forest,acc,LA,,,,,,,
471,West Berkshire,acc,LA,,,,,,,
472,Reading,acc,LA,,,,,,,
473,Slough,acc,LA,,,,,,,
474,Windsor and Maidenhead,acc,LA,,,,,,,
475,Wokingham,acc,LA,,,,,,,
476,Aylesbury Vale,acc,LA,,,,,,,
477,South Bucks,acc,LA,,,,,,,
478,Chiltern,acc,LA,,,,,,,
479,Milton Keynes,acc,LA,,,,,,,
480,Wycombe,acc,LA,,,,,,,
481,Cherwell,acc,LA,,,,,,,
482,Oxford,acc,LA,,,,,,,
483,Vale of White Horse,acc,LA,,,,,,,
484,South Oxfordshire,acc,LA,,,,,,,
485,West Oxfordshire,acc,LA,,,,,,,
490,Basingstoke and Deane,acc,LA,,,,,,,
491,Eastleigh,acc,LA,,,,,,,
492,Fareham,acc,LA,,,,,,,
493,Gosport,acc,LA,,,,,,,
494,Hart,acc,LA,,,,,,,
495,Havant,acc,LA,,,,,,,
496,New Forest,acc,LA,,,,,,,
497,East Hampshire,acc,LA,,,,,,,
498,Portsmouth,acc,LA,,,,,,,
499,Rushmoor,acc,LA,,,,,,,
500,Southampton ,acc,LA,,,,,,,
501,Test Valley,acc,LA,,,,,,,
502,Winchester,acc,LA,,,,,,,
505,Isle of Wight,acc,LA,,,,,,,
510,Elmbridge,acc,LA,,,,,,,
511,Guildford,acc,LA,,,,,,,
512,Mole Valley,acc,LA,,,,,,,
513,Reigate and Banstead,acc,LA,,,,,,,
514,Runnymede,acc,LA,,,,,,,
515,Surrey Heath,acc,LA,,,,,,,
516,Tandridge,acc,LA,,,,,,,
517,Waverley,acc,LA,,,,,,,
518,Woking,acc,LA,,,,,,,
530,Ashford,acc,LA,,,,,,,
531,Canterbury,acc,LA,,,,,,,
532,Dartford,acc,LA,,,,,,,
533,Dover,acc,LA,,,,,,,
535,Gravesham,acc,LA,,,,,,,
536,Maidstone,acc,LA,,,,,,,
538,Sevenoaks,acc,LA,,,,,,,
539,Shepway,acc,LA,,,,,,,
540,Swale,acc,LA,,,,,,,
541,Thanet,acc,LA,,,,,,,
542,Tonbridge and Malling,acc,LA,,,,,,,
543,Tunbridge Wells,acc,LA,,,,,,,
544,Medway,acc,LA,,,,,,,
551,Eastbourne,acc,LA,,,,,,,
552,Hastings,acc,LA,,,,,,,
554,Lewes,acc,LA,,,,,,,
555,Rother,acc,LA,,,,,,,
556,Wealden,acc,LA,,,,,,,
557,Adur,acc,LA,,,,,,,
558,Arun,acc,LA,,,,,,,
559,Chichester,acc,LA,,,,,,,
560,Crawley,acc,LA,,,,,,,
562,Horsham,acc,LA,,,,,,,
563,Mid Sussex,acc,LA,,,,,,,
564,Worthing,acc,LA,,,,,,,
565,Brighton and Hove,acc,LA,,,,,,,
570,City of London,acc,LA,,,,,,,
580,East Devon,acc,LA,,,,,,,
581,Exeter,acc,LA,,,,,,,
582,North Devon,acc,LA,,,,,,,
583,Plymouth,acc,LA,,,,,,,
584,South Hams,acc,LA,,,,,,,
585,Teignbridge,acc,LA,,,,,,,
586,Mid Devon,acc,LA,,,,,,,
587,Torbay,acc,LA,,,,,,,
588,Torridge,acc,LA,,,,,,,
589,West Devon,acc,LA,,,,,,,
590,Caradon,acc,LA,,,,,,,
591,Carrick,acc,LA,,,,,,,
592,Kerrier,acc,LA,,,,,,,
593,North Cornwall,acc,LA,,,,,,,
594,Penwith,acc,LA,,,,,,,
595,Restormel,acc,LA,,,,,,,
596,Cornwall,acc,LA,,,,,,,
601,"Bristol, City of",acc,LA,,,,,,,
605,North Somerset,acc,LA,,,,,,,
606,Mendip,acc,LA,,,,,,,
607,Sedgemoor,acc,LA,,,,,,,
608,Taunton Deane,acc,LA,,,,,,,
609,West Somerset,acc,LA,,,,,,,
610,South Somerset,acc,LA,,,,,,,
611,Bath and North East Somerset,acc,LA,,,,,,,
612,South Gloucestershire,acc,LA,,,,,,,
620,Cheltenham,acc,LA,,,,,,,
621,Cotswold,acc,LA,,,,,,,
622,Forest of Dean,acc,LA,,,,,,,
623,Gloucester,acc,LA,,,,,,,
624,Stroud,acc,LA,,,,,,,
625,Tewkesbury,acc,LA,,,,,,,
630,Kennet,acc,LA,,,,,,,
631,North Wiltshire,acc,LA,,,,,,,
632,Salisbury,acc,LA,,,,,,,
633,Swindon,acc,LA,,,,,,,
634,West Wiltshire,acc,LA,,,,,,,
635,Wiltshire,acc,LA,,,,,,,
640,Bournemouth,acc,LA,,,,,,,
641,Christchurch,acc,LA,,,,,,,
642,North Dorset,acc,LA,,,,,,,
643,Poole,acc,LA,,,,,,,
644,Purbeck,acc,LA,,,,,,,
645,West Dorset,acc,LA,,,,,,,
646,Weymouth and Portland,acc,LA,,,,,,,
647,East Dorset,acc,LA,,,,,,,
720,Isle of Anglesey,acc,LA,,,,,,,
721,Conwy,acc,LA,,,,,,,
722,Gwynedd,acc,LA,,,,,,,
723,Denbighshire,acc,LA,,,,,,,
724,Flintshire,acc,LA,,,,,,,
725,Wrexham,acc,LA,,,,,,,
730,Blaenau Gwent,acc,LA,,,,,,,
731,Caerphilly,acc,LA,,,,,,,
732,Monmouthshire,acc,LA,,,,,,,
733,Newport,acc,LA,,,,,,,
734,Torfaen,acc,LA,,,,,,,
740,Bridgend,acc,LA,,,,,,,
741,Cardiff,acc,LA,,,,,,,
742,Merthyr Tydfil,acc,LA,,,,,,,
743,Neath Port Talbot,acc,LA,,,,,,,
744,"Rhondda, Cynon, Taff",acc,LA,,,,,,,
745,Swansea,acc,LA,,,,,,,
746,The Vale of Glamorgan,acc,LA,,,,,,,
750,Ceredigion,acc,LA,,,,,,,
751,Carmarthenshire,acc,LA,,,,,,,
752,Pembrokeshire,acc,LA,,,,,,,
753,Powys,acc,LA,,,,,,,
910,Aberdeen City,acc,LA,,,,,,,
911,Aberdeenshire,acc,LA,,,,,,,
912,Angus,acc,LA,,,,,,,
913,Argyll and Bute,acc,LA,,,,,,,
914,Scottish Borders,acc,LA,,,,,,,
915,Clackmannanshire,acc,LA,,,,,,,
916,West Dunbartonshire,acc,LA,,,,,,,
917,Dumfries and Galloway,acc,LA,,,,,,,
918,Dundee City,acc,LA,,,,,,,
919,East Ayrshire,acc,LA,,,,,,,
920,East Dunbartonshire,acc,LA,,,,,,,
921,East Lothian,acc,LA,,,,,,,
922,East Renfrewshire,acc,LA,,,,,,,
923,"Edinburgh, City of",acc,LA,,,,,,,
924,Falkirk,acc,LA,,,,,,,
925,Fife,acc,LA,,,,,,,
926,Glasgow City,acc,LA,,,,,,,
927,Highland,acc,LA,,,,,,,
928,Inverclyde,acc,LA,,,,,,,
929,Midlothian,acc,LA,,,,,,,
930,Moray,acc,LA,,,,,,,
931,North Ayrshire,acc,LA,,,,,,,
932,North Lanarkshire,acc,LA,,,,,,,
933,Orkney Islands,acc,LA,,,,,,,
934,Perth and Kinross,acc,LA,,,,,,,
935,Renfrewshire,acc,LA,,,,,,,
936,Shetland Islands,acc,LA,,,,,,,
937,South Ayrshire,acc,LA,,,,,,,
938,South Lanarkshire,acc,LA,,,,,,,
939,Stirling,acc,LA,,,,,,,
940,West Lothian,acc,LA,,,,,,,
941,Western Isles,acc,LA,,,,,,,
S12000033,Aberdeen City,acc,LAHighway,,,,,,,
S12000034,Aberdeenshire,acc,LAHighway,,,,,,,
S12000041,Angus,acc,LAHighway,,,,,,,
S12000035,Argyll & Bute,acc,LAHighway,,,,,,,
E09000002,Barking and Dagenham,acc,LAHighway,,,,,,,
E09000003,Barnet,acc,LAHighway,,,,,,,
E08000016,Barnsley,acc,LAHighway,,,,,,,
E06000022,Bath and North East Somerset,acc,LAHighway,,,,,,,
E06000055,Bedford,acc,LAHighway,,,,,,,
E09000004,Bexley,acc,LAHighway,,,,,,,
E08000025,Birmingham,acc,LAHighway,,,,,,,
E06000008,Blackburn with Darwen,acc,LAHighway,,,,,,,
E06000009,Blackpool,acc,LAHighway,,,,,,,
W06000019,Blaenau Gwent,acc,LAHighway,,,,,,,
E08000001,Bolton,acc,LAHighway,,,,,,,
E06000028,Bournemouth,acc,LAHighway,,,,,,,
E06000036,Bracknell Forest,acc,LAHighway,,,,,,,
E08000032,Bradford,acc,LAHighway,,,,,,,
E09000005,Brent,acc,LAHighway,,,,,,,
W06000013,Bridgend,acc,LAHighway,,,,,,,
E06000043,Brighton and Hove,acc,LAHighway,,,,,,,
E06000023,"Bristol, City of",acc,LAHighway,,,,,,,
E09000006,Bromley,acc,LAHighway,,,,,,,
E10000002,Buckinghamshire,acc,LAHighway,,,,,,,
E08000002,Bury,acc,LAHighway,,,,,,,
W06000018,Caerphilly,acc,LAHighway,,,,,,,
E08000033,Calderdale,acc,LAHighway,,,,,,,
E10000003,Cambridgeshire,acc,LAHighway,,,,,,,
E09000007,Camden,acc,LAHighway,,,,,,,
W06000015,Cardiff,acc,LAHighway,,,,,,,
W06000010,Carmarthenshire,acc,LAHighway,,,,,,,
E06000056,Central Bedfordshire,acc,LAHighway,,,,,,,
W06000008,Ceredigion,acc,LAHighway,,,,,,,
E06000049,Cheshire East,acc,LAHighway,,,,,,,
E06000050,Cheshire West and Chester,acc,LAHighway,,,,,,,
E09000001,City of London,acc,LAHighway,,,,,,,
S12000005,Clackmannanshire,acc,LAHighway,,,,,,,
W06000003,Conwy,acc,LAHighway,,,,,,,
E06000052,Cornwall,acc,LAHighway,,,,,,,
E06000047,County Durham,acc,LAHighway,,,,,,,
E08000026,Coventry,acc,LAHighway,,,,,,,
E09000008,Croydon,acc,LAHighway,,,,,,,
E10000006,Cumbria,acc,LAHighway,,,,,,,
E06000005,Darlington,acc,LAHighway,,,,,,,
W06000004,Denbighshire,acc,LAHighway,,,,,,,
E06000015,Derby,acc,LAHighway,,,,,,,
E10000007,Derbyshire,acc,LAHighway,,,,,,,
E10000008,Devon,acc,LAHighway,,,,,,,
E08000017,Doncaster,acc,LAHighway,,,,,,,
E10000009,Dorset,acc,LAHighway,,,,,,,
E08000027,Dudley,acc,LAHighway,,,,,,,
S12000006,Dumfries & Galloway,acc,LAHighway,,,,,,,
S12000042,Dundee City,acc,LAHighway,,,,,,,
E09000009,Ealing,acc,LAHighway,,,,,,,
S12000008,East Ayrshire,acc,LAHighway,,,,,,,
S12000009,East Dunbartonshire,acc,LAHighway,,,,,,,
S12000010,East Lothian,acc,LAHighway,,,,,,,
S12000011,East Renfrewshire,acc,LAHighway,,,,,,,
E06000011,East Riding of Yorkshire,acc,LAHighway,,,,,,,
E10000011,East Sussex,acc,LAHighway,,,,,,,
S12000036,"Edinburgh, City of",acc,LAHighway,,,,,,,
E09000010,Enfield,acc,LAHighway,,,,,,,
E10000012,Essex,acc,LAHighway,,,,,,,
S12000014,Falkirk,acc,LAHighway,,,,,,,
S12000015,Fife,acc,LAHighway,,,,,,,
W06000005,Flintshire,acc,LAHighway,,,,,,,
E08000020,Gateshead,acc,LAHighway,,,,,,,
S12000043,Glasgow City,acc,LAHighway,,,,,,,
E10000013,Gloucestershire,acc,LAHighway,,,,,,,
E09000011,Greenwich,acc,LAHighway,,,,,,,
W06000002,Gwynedd,acc,LAHighway,,,,,,,
E09000012,Hackney,acc,LAHighway,,,,,,,
E06000006,Halton,acc,LAHighway,,,,,,,
E09000013,Hammersmith and Fulham,acc,LAHighway,,,,,,,
E10000014,Hampshire,acc,LAHighway,,,,,,,
E09000014,Haringey,acc,LAHighway,,,,,,,
E09000015,Harrow,acc,LAHighway,,,,,,,
E06000001,Hartlepool,acc,LAHighway,,,,,,,
E09000016,Havering,acc,Clas,,,,,,,
E06000019,"Herefordshire, County of ",acc,LAHighway,,,,,,,
E10000015,Hertfordshire,acc,LAHighway,,,,,,,
S12000017,Highland,acc,LAHighway,,,,,,,
E09000017,Hillingdon,acc,LAHighway,,,,,,,
E09000018,Hounslow,acc,LAHighway,,,,,,,
S12000018,Inverclyde,acc,LAHighway,,,,,,,
W06000001,Isle of Anglesey,acc,LAHighway,,,,,,,
E06000046,Isle of Wight,acc,LAHighway,,,,,,,
E06000053,Isles of Scilly,acc,LAHighway,,,,,,,
E09000019,Islington,acc,LAHighway,,,,,,,
E09000020,Kensington and Chelsea,acc,LAHighway,,,,,,,
E10000016,Kent,acc,LAHighway,,,,,,,
E06000010,"Kingston upon Hull, City of",acc,LAHighway,,,,,,,
E09000021,Kingston upon Thames,acc,LAHighway,,,,,,,
E08000034,Kirklees,acc,LAHighway,,,,,,,
E08000011,Knowsley,acc,LAHighway,,,,,,,
E09000022,Lambeth,acc,LAHighway,,,,,,,
E10000017,Lancashire,acc,LAHighway,,,,,,,
E08000035,Leeds,acc,LAHighway,,,,,,,
E06000016,Leicester,acc,LAHighway,,,,,,,
E10000018,Leicestershire,acc,LAHighway,,,,,,,
E09000023,Lewisham,acc,LAHighway,,,,,,,
E10000019,Lincolnshire,acc,LAHighway,,,,,,,
E08000012,Liverpool,acc,LAHighway,,,,,,,
EHEATHROW,London Airport (Heathrow),acc,LAHighway,,,,,,,
E06000032,Luton,acc,LAHighway,,,,,,,
E08000003,Manchester,acc,LAHighway,,,,,,,
E06000035,Medway,acc,LAHighway,,,,,,,
W06000024,Merthyr Tydfil,acc,LAHighway,,,,,,,
E09000024,Merton,acc,LAHighway,,,,,,,
E06000002,Middlesbrough,acc,LAHighway,,,,,,,
S12000019,Midlothian,acc,LAHighway,,,,,,,
E06000042,Milton Keynes,acc,LAHighway,,,,,,,
W06000021,Monmouthshire,acc,LAHighway,,,,,,,
S12000020,Moray,acc,LAHighway,,,,,,,
S12000013,Na h-Eileanan an Iar (Western Isles),acc,LAHighway,,,,,,,
W06000012,Neath Port Talbot,acc,LAHighway,,,,,,,
E08000021,Newcastle upon Tyne,acc,LAHighway,,,,,,,
E09000025,Newham,acc,LAHighway,,,,,,,
W06000022,Newport,acc,LAHighway,,,,,,,
E10000020,Norfolk,acc,LAHighway,,,,,,,
S12000021,North Ayrshire,acc,LAHighway,,,,,,,
E06000012,North East Lincolnshire,acc,LAHighway,,,,,,,
S12000044,North Lanarkshire,acc,LAHighway,,,,,,,
E06000013,North Lincolnshire,acc,LAHighway,,,,,,,
E06000024,North Somerset,acc,LAHighway,,,,,,,
E08000022,North Tyneside,acc,LAHighway,,,,,,,
E10000023,North Yorkshire,acc,LAHighway,,,,,,,
E10000021,Northamptonshire,acc,LAHighway,,,,,,,
E06000048,Northumberland,acc,LAHighway,,,,,,,
E06000018,Nottingham,acc,LAHighway,,,,,,,
E10000024,Nottinghamshire,acc,LAHighway,,,,,,,
E08000004,Oldham,acc,LAHighway,,,,,,,
S12000023,Orkney Islands,acc,LAHighway,,,,,,,
E10000025,Oxfordshire,acc,LAHighway,,,,,,,
W06000009,Pembrokeshire,acc,LAHighway,,,,,,,
S12000024,Perth and Kinross,acc,LAHighway,,,,,,,
E06000031,Peterborough,acc,LAHighway,,,,,,,
E06000026,Plymouth,acc,LAHighway,,,,,,,
E06000029,Poole,acc,LAHighway,,,,,,,
E06000044,Portsmouth,acc,LAHighway,,,,,,,
W06000023,Powys,acc,LAHighway,,,,,,,
E06000038,Reading,acc,LAHighway,,,,,,,
E09000026,Redbridge,acc,LAHighway,,,,,,,
E06000003,Redcar and Cleveland,acc,LAHighway,,,,,,,
S12000038,Renfrewshire,acc,LAHighway,,,,,,,
W06000016,"Rhondda, Cynon, Taff",acc,LAHighway,,,,,,,
E09000027,Richmond upon Thames,acc,LAHighway,,,,,,,
E08000005,Rochdale,acc,LAHighway,,,,,,,
E08000018,Rotherham,acc,LAHighway,,,,,,,
E06000017,Rutland,acc,LAHighway,,,,,,,
E08000006,Salford,acc,LAHighway,,,,,,,
E08000028,Sandwell,acc,LAHighway,,,,,,,
S12000026,Scottish Borders,acc,LAHighway,,,,,,,
E08000014,Sefton,acc,LAHighway,,,,,,,
E08000019,Sheffield,acc,LAHighway,,,,,,,
S12000027,Shetland Islands,acc,LAHighway,,,,,,,
E06000051,Shropshire,acc,LAHighway,,,,,,,
E06000039,Slough,acc,LAHighway,,,,,,,
E08000029,Solihull,acc,LAHighway,,,,,,,
E10000027,Somerset,acc,LAHighway,,,,,,,
S12000028,South Ayrshire,acc,LAHighway,,,,,,,
E06000025,South Gloucestershire,acc,LAHighway,,,,,,,
S12000029,South Lanarkshire,acc,LAHighway,,,,,,,
E08000023,South Tyneside,acc,LAHighway,,,,,,,
E06000045,Southampton ,acc,LAHighway,,,,,,,
E06000033,Southend-on-Sea,acc,LAHighway,,,,,,,
E09000028,Southwark,acc,LAHighway,,,,,,,
E08000013,St. Helens,acc,LAHighway,,,,,,,
E10000028,Staffordshire,acc,LAHighway,,,,,,,
S12000030,Stirling,acc,LAHighway,,,,,,,
E08000007,Stockport,acc,LAHighway,,,,,,,
E06000004,Stockton-on-Tees,acc,LAHighway,,,,,,,
E06000021,Stoke-on-Trent,acc,LAHighway,,,,,,,
E10000029,Suffolk,acc,LAHighway,,,,,,,
E08000024,Sunderland,acc,LAHighway,,,,,,,
E10000030,Surrey,acc,LAHighway,,,,,,,
E09000029,Sutton,acc,LAHighway,,,,,,,
W06000011,Swansea,acc,LAHighway,,,,,,,
E06000030,Swindon,acc,LAHighway,,,,,,,
E08000008,Tameside,acc,LAHighway,,,,,,,
E06000020,Telford and Wrekin,acc,LAHighway,,,,,,,
W06000014,The Vale of Glamorgan,acc,LAHighway,,,,,,,
E06000034,Thurrock,acc,LAHighway,,,,,,,
E06000027,Torbay,acc,LAHighway,,,,,,,
W06000020,Torfaen,acc,LAHighway,,,,,,,
E09000030,Tower Hamlets,acc,LAHighway,,,,,,,
E08000009,Trafford,acc,LAHighway,,,,,,,
E08000036,Wakefield,acc,LAHighway,,,,,,,
E08000030,Walsall,acc,LAHighway,,,,,,,
E09000031,Waltham Forest,acc,LAHighway,,,,,,,
E09000032,Wandsworth,acc,LAHighway,,,,,,,
E06000007,Warrington,acc,LAHighway,,,,,,,
E10000031,Warwickshire,acc,LAHighway,,,,,,,
E06000037,West Berkshire,acc,LAHighway,,,,,,,
S12000039,West Dunbartonshire,acc,LAHighway,,,,,,,
S12000040,West Lothian,acc,LAHighway,,,,,,,
E10000032,West Sussex,acc,LAHighway,,,,,,,
E09000033,Westminster,acc,LAHighway,,,,,,,
E08000010,Wigan,acc,LAHighway,,,,,,,
E06000054,Wiltshire,acc,LAHighway,,,,,,,
E06000040,Windsor and Maidenhead,acc,LAHighway,,,,,,,
E08000015,Wirral,acc,LAHighway,,,,,,,
E06000041,Wokingham,acc,LAHighway,,,,,,,
E08000031,Wolverhampton,acc,LAHighway,,,,,,,
E10000034,Worcestershire,acc,LAHighway,,,,,,,
W06000006,Wrexham,acc,LAHighway,,,,,,,
E06000014,York,acc,LAHighway,,,,,,,
1,Daylight,acc,Light,,,,,,,
4,Darkness - lights lit,acc,Light,,,,,,,
5,Darkness - lights unlit,acc,Light,,,,,,,
6,Darkness - no lighting,acc,Light,,,,,,,
7,Darkness - lighting unknown,acc,Light,,,,,,,
-1,Data missing or out of range,acc,Light,,,,,,,
1,At Scene,acc,PlaceReported,,,,,,,
2,Elsewhere,acc,PlaceReported,,,,,,,
1,Metropolitan Police,acc,Police,,,,,,,
3,Cumbria,acc,Police,,,,,,,
4,Lancashire,acc,Police,,,,,,,
5,Merseyside,acc,Police,,,,,,,
6,Greater Manchester,acc,Police,,,,,,,
7,Cheshire,acc,Police,,,,,,,
10,Northumbria,acc,Police,,,,,,,
11,Durham,acc,Police,,,,,,,
12,North Yorkshire,acc,Police,,,,,,,
13,West Yorkshire,acc,Police,,,,,,,
14,South Yorkshire,acc,Police,,,,,,,
16,Humberside,acc,Police,,,,,,,
17,Cleveland,acc,Police,,,,,,,
20,West Midlands,acc,Police,,,,,,,
21,Staffordshire,acc,Police,,,,,,,
22,West Mercia,acc,Police,,,,,,,
23,Warwickshire,acc,Police,,,,,,,
30,Derbyshire,acc,Police,,,,,,,
31,Nottinghamshire,acc,Police,,,,,,,
32,Lincolnshire,acc,Police,,,,,,,
33,Leicestershire,acc,Police,,,,,,,
34,Northamptonshire,acc,Police,,,,,,,
35,Cambridgeshire,acc,Police,,,,,,,
36,Norfolk,acc,Police,,,,,,,
37,Suffolk,acc,Police,,,,,,,
40,Bedfordshire,acc,Police,,,,,,,
41,Hertfordshire,acc,Police,,,,,,,
42,Essex,acc,Police,,,,,,,
43,Thames Valley,acc,Police,,,,,,,
44,Hampshire,acc,Police,,,,,,,
45,Surrey,acc,Police,,,,,,,
46,Kent,acc,Police,,,,,,,
47,Sussex,acc,Police,,,,,,,
48,City of London,acc,Police,,,,,,,
50,Devon and Cornwall,acc,Police,,,,,,,
52,Avon and Somerset,acc,Police,,,,,,,
53,Gloucestershire,acc,Police,,,,,,,
54,Wiltshire,acc,Police,,,,,,,
55,Dorset,acc,Police,,,,,,,
60,North Wales,acc,Police,,,,,,,
61,Gwent,acc,Police,,,,,,,
62,South Wales,acc,Police,,,,,,,
63,Dyfed-Powys,acc,Police,,,,,,,
91,Northern,acc,Police,,,,,,,
92,Grampian,acc,Police,,,,,,,
93,Tayside,acc,Police,,,,,,,
94,Fife,acc,Police,,,,,,,
95,Lothian and Borders,acc,Police,,,,,,,
96,Central,acc,Police,,,,,,,
97,Strathclyde,acc,Police,,,,,,,
98,Dumfries and Galloway,acc,Police,,,,,,,
1,Yes,acc,PoliceOfficerAttend,,,,,,,
2,No,acc,PoliceOfficerAttend,,,,,,,
3,No - accident was reported using a self completion  form (self rep only),acc,PoliceOfficerAttend,,,,,,,
1,Motorway,acc,RoadClass1,,,,,,,
2,A(M),acc,RoadClass1,,,,,,,
3,A,acc,RoadClass1,,,,,,,
4,B,acc,RoadClass1,,,,,,,
5,C,acc,RoadClass1,,,,,,,
6,Unclassified,acc,RoadClass1,,,,,,,
0,Not at junction or within 20 metres,acc,RoadClass2,,,,,,,
1,Motorway,acc,RoadClass2,,,,,,,
2,A(M),acc,RoadClass2,,,,,,,
3,A,acc,RoadClass2,,,,,,,
4,B,acc,RoadClass2,,,,,,,
5,C,acc,RoadClass2,,,,,,,
6,Unclassified,acc,RoadClass2,,,,,,,
1,Roundabout,acc,RoadType,,,,,,,
2,One way street,acc,RoadType,,,,,,,
3,Dual carriageway,acc,RoadType,,,,,,,
6,Single carriageway,acc,RoadType,,,,,,,
7,Slip road,acc,RoadType,,,,,,,
9,Unknown,acc,RoadType,,,,,,,
12,One way street/Slip road,acc,RoadType,,,,,,,
-1,Data missing or out of range,acc,RoadType,,,,,,,
1,Fatal,acc,Severity,,,,,,,
2,Serious,acc,Severity,,,,,,,
3,Slight,acc,Severity,,,,,,,
0,None,acc,SpecialConditions,,,,,,,
1,Auto traffic signal - out,acc,SpecialConditions,,,,,,,
2,Auto signal part defective,acc,SpecialConditions,,,,,,,
3,Road sign or marking defective or obscured,acc,SpecialConditions,,,,,,,
4,Roadworks,acc,SpecialConditions,,,,,,,
5,Road surface defective,acc,SpecialConditions,,,,,,,
6,Oil or diesel,acc,SpecialConditions,,,,,,,
7,Mud,acc,SpecialConditions,,,,,,,
-1,Data missing or out of range,acc,SpecialConditions,,,,,,,
1,Dry,acc,Surface,,,,,,,
2,Wet or damp,acc,Surface,,,,,,,
3,Snow,acc,Surface,,,,,,,
4,Frost or ice,acc,Surface,,,,,,,
5,Flood over 3cm. deep,acc,Surface,,,,,,,
6,Oil or diesel,acc,Surface,,,,,,,
7,Mud,acc,Surface,,,,,,,
-1,Data missing or out of range,acc,Surface,,,,,,,
1,Urban,acc,UrbanRural,,,,,,,
2,Rural,acc,UrbanRural,,,,,,,
3,Unallocated,acc,UrbanRural,,,,,,,
1,Fine no high winds,acc,Weather,,,,,,,
2,Raining no high winds,acc,Weather,,,,,,,
3,Snowing no high winds,acc,Weather,,,,,,,
4,Fine + high winds,acc,Weather,,,,,,,
5,Raining + high winds,acc,Weather,,,,,,,
6,Snowing + high winds,acc,Weather,,,,,,,
7,Fog or mist,acc,Weather,,,,,,,
8,Other,acc,Weather,,,,,,,
9,Unknown,acc,Weather,,,,,,,
-1,Data missing or out of range,acc,Weather,,,,,,,
1,Sunday,acc,Week,,,,,,,
2,Monday,acc,Week,,,,,,,
3,Tuesday,acc,Week,,,,,,,
4,Wednesday,acc,Week,,,,,,,
5,Thursday,acc,Week,,,,,,,
6,Friday,acc,Week,,,,,,,
7,Saturday,acc,Week,,,,,,,
0,Not a bus or coach passenger,cas,BusPassenger,,,,,,,
1,Boarding,cas,BusPassenger,,,,,,,
2,Alighting,cas,BusPassenger,,,,,,,
3,Standing passenger,cas,BusPassenger,,,,,,,
4,Seated passenger,cas,BusPassenger,,,,,,,
-1,Data missing or out of range,cas,BusPassenger,,,,,,,
0,Not car passenger,cas,CarPassenger,,,,,,,
1,Front seat passenger,cas,CarPassenger,,,,,,,
2,Rear seat passenger,cas,CarPassenger,,,,,,,
-1,Data missing or out of range,cas,CarPassenger,,,,,,,
1,Male,cas,CasSex,,,,,,,
2,Female,cas,CasSex,,,,,,,
-1,Data missing or out of range,cas,CasSex,,,,,,,
1,Driver or rider,cas,CasualtyClass,,,,,,,
2,Passenger,cas,CasualtyClass,,,,,,,
3,Pedestrian,cas,CasualtyClass,,,,,,, 
1,Most deprived 10%,cas,CasualtyIMD,,,,,,,
2,More deprived 10-20%,cas,CasualtyIMD,,,,,,,
3,More deprived 20-30%,cas,CasualtyIMD,,,,,,,
4,More deprived 30-40%,cas,CasualtyIMD,,,,,,,
5,More deprived 40-50%,cas,CasualtyIMD,,,,,,,
6,Less deprived 40-50%,cas,CasualtyIMD,,,,,,,
7,Less deprived 30-40%,cas,CasualtyIMD,,,,,,,
8,Less deprived 20-30%,cas,CasualtyIMD,,,,,,,
9,Less deprived 10-20%,cas,CasualtyIMD,,,,,,,
10,Least deprived 10%,cas,CasualtyIMD,,,,,,,
-1,Data missing or out of range,cas,CasualtyIMD,,,,,,,
0,Pedestrian,cas,CasualtyType,,,,,,,
1,Cyclist,cas,CasualtyType,,,,,,,
2,Motorcycle 50cc and under rider or passenger,cas,CasualtyType,,,  ,,,,
3,Motorcycle 125cc and under rider or passenger,cas,CasualtyType,,,,,,,
4,Motorcycle over 125cc and up to 500cc rider or  passenger,cas,CasualtyType,,,,,,,
5,Motorcycle over 500cc rider or passenger,cas,CasualtyType,,,,,,,
8,Taxi/Private hire car occupant,cas,CasualtyType,,,,,,,
9,Car occupant,cas,CasualtyType,,,,,,,
10,Minibus (8 - 16 passenger seats) occupant,cas,CasualtyType,,,,,,,
11,Bus or coach occupant (17 or more pass seats),cas,CasualtyType,,,,,,,
16,Horse rider,cas,CasualtyType,,,,,,,
17,Agricultural vehicle occupant,cas,CasualtyType,,,,,,,
18,Tram occupant,cas,CasualtyType,,,,,,,
19,Van / Goods vehicle (3.5 tonnes mgw or under) occupant,cas,CasualtyType,,,,,,,
20,Goods vehicle (over 3.5t. and under 7.5t.) occupant,cas,CasualtyType,,,,,,,
21,Goods vehicle (7.5 tonnes mgw and over) occupant,cas,CasualtyType,,,,,,,
22,Mobility scooter rider,cas,CasualtyType,,,,,,,
23,Electric motorcycle rider or passenger,cas,CasualtyType,,,,,,,
90,Other vehicle occupant,cas,CasualtyType,,,,,,,
97,Motorcycle - unknown cc rider or passenger,cas,CasualtyType,,,,,,,
98,Goods vehicle (unknown weight) occupant,cas,CasualtyType,,,,,,,
1,Urban area,cas,HomeArea,,,,,,,
2,Small town,cas,HomeArea,,,,,,,
3,Rural,cas,HomeArea,,,,,,,
-1,Data missing or out of range,cas,HomeArea,,,,,,,
0,No / Not applicable,cas,MaintenanceWorker,,,,,,,
1,Yes,cas,MaintenanceWorker,,,,,,,
2,Not Known,cas,MaintenanceWorker,,,,,,,
-1,Data missing or out of range,cas,MaintenanceWorker,,,,,,,
0,Not a pedestrian,cas,PedestrianDirection,,,,,,,
1,Heading north,cas,PedestrianDirection,,,,,,,
2,Heading north east,cas,PedestrianDirection,,,,,,,
3,Heading east,cas,PedestrianDirection,,,,,,,
4,Heading south east,cas,PedestrianDirection,,,,,,,
5,Heading south,cas,PedestrianDirection,,,,,,,
6,Heading south west,cas,PedestrianDirection,,,,,,,
7,Heading west,cas,PedestrianDirection,,,,,,,
8,Heading north west,cas,PedestrianDirection,,,,,,,
9,Unknown,cas,PedestrianDirection,,,,,,,
10,Standing still,cas,PedestrianDirection,,,,,,,
-1,Data missing or out of range,cas,PedestrianDirection,,,,,,,
0,Not a Pedestrian,cas,PedestrianLocation,,,,,,,
1,Crossing on pedestrian crossing facility,cas,PedestrianLocation,,,,,,,
2,Crossing in zig-zag approach lines,cas,PedestrianLocation,,,,,,,
3,Crossing in zig-zag exit lines,cas,PedestrianLocation,,,,,,,
4,Crossing elsewhere within 50m. of pedestrian crossing,cas,PedestrianLocation,,,,,,,
5,"In carriageway, crossing elsewhere",cas,PedestrianLocation,,,,,,,
6,On footway or verge,cas,PedestrianLocation,,,,,,,
7,"On refuge, central island or central reservation",cas,PedestrianLocation,,,,,,,
8,"In centre of carriageway - not on refuge, island or central reservation",cas,PedestrianLocation,,,,,,,
9,"In carriageway, not crossing",cas,PedestrianLocation,,,,,,,
10,Unknown or other,cas,PedestrianLocation,,,,,,,
-1,Data missing or out of range,cas,PedestrianLocation,,,,,,,
0,Not a Pedestrian,cas,PedestrianMovement,,,,,,,
1,Crossing from driver's nearside,cas,PedestrianMovement,,,,,,,
2,Crossing from nearside - masked by parked or stationary vehicle,cas,PedestrianMovement,,,,,,,
3,Crossing from driver's offside,cas,PedestrianMovement,,,,,,,
4,Crossing from offside - masked by  parked or stationary vehicle,cas,PedestrianMovement,,,,,,,
5,"In carriageway, stationary - not crossing  (standing or playing)",cas,PedestrianMovement,,,,,,,
6,"In carriageway, stationary - not crossing  (standing or playing) - masked by parked or stationary vehicle",cas,PedestrianMovement,,,,,,,
7,"Walking along in carriageway, facing traffic",cas,PedestrianMovement,,,,,,,
8,"Walking along in carriageway, back to traffic",cas,PedestrianMovement,,,,,,,
9,Unknown or other,cas,PedestrianMovement,,,,,,,
-1,Data missing or out of range,cas,PedestrianMovement,,,,,,,
0,Other,cas,SchoolPupil,,,,,,,
1,On way to or from school,cas,SchoolPupil,,,,,,,
9,Undefined,cas,SchoolPupil,,,,,,,
1,Fatal,cas,Severity,,,,,,,
2,Serious,cas,Severity,,,,,,,
3,Slight,cas,Severity,,,,,,,
0,Not foreign registered vehicle,veh,ForeignVehicle,,,,,,,
1,Foreign registered vehicle - left hand drive,veh,ForeignVehicle,,,,,,,
2,Foreign registered vehicle - right hand drive,veh,ForeignVehicle,,,,,,,
3,Foreign registered vehicle - two wheeler,veh,ForeignVehicle,,,,,,,
1,N,veh,From,,,,,,,
2,NE,veh,From,,,,,,,
3,E,veh,From,,,,,,,
4,SE,veh,From,,,,,,,
5,S,veh,From,,,,,,,
6,SW,veh,From,,,,,,,
7,W,veh,From,,,,,,,
8,NW,veh,From,,,,,,,
0,Other,veh,HitRun,,,,,,,
1,Hit and run,veh,HitRun,,,,,,,
2,Non-stop vehicle not hit,veh,HitRun,,,,,,,
1,Journey as part of work,veh,JourneyPurpose,,,,,,,
2,Commuting to/from work,veh,JourneyPurpose,,,,,,,
3,Taking pupil to/from school,veh,JourneyPurpose,,,,,,,
4,Pupil riding to/from school,veh,JourneyPurpose,,,,,,,
5,Other,veh,JourneyPurpose,,,,,,,
6,Not known,veh,JourneyPurpose,,,,,,,
15,Other/Not known (2005-10),veh,JourneyPurpose,,,,,,,
-1,Data missing or out of range,veh,JourneyPurpose,,,,,,,
0,Not at or within 20 metres of junction,veh,Junction,,,,,,,
1,Approaching junction or waiting/parked at junction approach,veh,Junction,,,,,,,
2,Cleared junction or waiting/parked at junction exit,veh,Junction,,,,,,,
3,Leaving roundabout,veh,Junction,,,,,,,
4,Entering roundabout,veh,Junction,,,,,,,
5,Leaving main road,veh,Junction,,,,,,,
6,Entering main road,veh,Junction,,,,,,,
7,Entering from slip road,veh,Junction,,,,,,,
8,Mid Junction - on roundabout or on main road,veh,Junction,,,,,,,
-1,Data missing or out of range,veh,Junction,,,,,,,
0,Did not leave carriageway,veh,LeavingCarriageway,,,,,,,
1,Nearside,veh,LeavingCarriageway,,,,,,,
2,Nearside and rebounded,veh,LeavingCarriageway,,,,,,,
3,Straight ahead at junction,veh,LeavingCarriageway,,,,,,,
4,Offside on to central reservation,veh,LeavingCarriageway,,,,,,,
5,Offside on to centrl res + rebounded,veh,LeavingCarriageway,,,,,,,
6,Offside - crossed central reservation,veh,LeavingCarriageway,,,,,,,
7,Offside,veh,LeavingCarriageway,,,,,,,
8,Offside and rebounded,veh,LeavingCarriageway,,,,,,,
-1,Data missing or out of range,veh,LeavingCarriageway,,,,,,,
1,No,veh,LeftHandDrive,,,,,,,
2,Yes,veh,LeftHandDrive,,,,,,,
-1,Data missing or out of range,veh,LeftHandDrive,,,,,,,
0,On main c'way - not in restricted lane,veh,LocationRestrictedAway,,,,,,,
1,Tram/Light rail track,veh,LocationRestrictedAway,,,,,,,
2,Bus lane,veh,LocationRestrictedAway,,,,,,,
3,Busway (including guided busway),veh,LocationRestrictedAway,,,,,,,
4,Cycle lane (on main carriageway),veh,LocationRestrictedAway,,,,,,,
5,Cycleway or shared use footway (not part of  main carriageway),veh,LocationRestrictedAway,,,,,,,
6,On lay-by or hard shoulder,veh,LocationRestrictedAway,,,,,,,
7,Entering lay-by or hard shoulder,veh,LocationRestrictedAway,,,,,,,
8,Leaving lay-by or hard shoulder,veh,LocationRestrictedAway,,,,,,,
9,Footway (pavement),veh,LocationRestrictedAway,,,,,,,
10,Not on carriageway,veh,LocationRestrictedAway,,,,,,,
-1,Data missing or out of range,veh,LocationRestrictedAway,,,,,,,
1,Reversing,veh,Manoeuvre,,,,,,,
2,Parked,veh,Manoeuvre,,,,,,,
3,Waiting to go - held up,veh,Manoeuvre,,,,,,,
4,Slowing or stopping,veh,Manoeuvre,,,,,,,
5,Moving off,veh,Manoeuvre,,,,,,,
6,U-turn,veh,Manoeuvre,,,,,,,
7,Turning left,veh,Manoeuvre,,,,,,,
8,Waiting to turn left,veh,Manoeuvre,,,,,,,
9,Turning right,veh,Manoeuvre,,,,,,,
10,Waiting to turn right,veh,Manoeuvre,,,,,,,
11,Changing lane to left,veh,Manoeuvre,,,,,,,
12,Changing lane to right,veh,Manoeuvre,,,,,,,
13,Overtaking moving vehicle - offside,veh,Manoeuvre,,,,,,,
14,Overtaking static vehicle - offside,veh,Manoeuvre,,,,,,,
15,Overtaking - nearside,veh,Manoeuvre,,,,,,,
16,Going ahead left-hand bend,veh,Manoeuvre,,,,,,,
17,Going ahead right-hand bend,veh,Manoeuvre,,,,,,,
18,Going ahead other,veh,Manoeuvre,,,,,,,
-1,Data missing or out of range,veh,Manoeuvre,,,,,,,
0,None,veh,ObjectInCarriageway,,,,,,,
1,Previous accident,veh,ObjectInCarriageway,,,,,,,
2,Road works,veh,ObjectInCarriageway,,,,,,,
4,Parked vehicle,veh,ObjectInCarriageway,,,,,,,
5,Bridge (roof),veh,ObjectInCarriageway,,,,,,,
6,Bridge (side),veh,ObjectInCarriageway,,,,,,,
7,Bollard or refuge,veh,ObjectInCarriageway,,,,,,,
8,Open door of vehicle,veh,ObjectInCarriageway,,,,,,,
9,Central island of roundabout,veh,ObjectInCarriageway,,,,,,,
10,Kerb,veh,ObjectInCarriageway,,,,,,,
11,Other object,veh,ObjectInCarriageway,,,,,,,
12,Any animal (except ridden horse),veh,ObjectInCarriageway,,,,,,,
-1,Data missing or out of range,veh,ObjectInCarriageway,,,,,,,
0,None,veh,ObjectOffCarriageway,,,,,,,
1,Road sign or traffic signal,veh,ObjectOffCarriageway,,,,,,,
2,Lamp post,veh,ObjectOffCarriageway,,,,,,,
3,Telegraph or electricity pole,veh,ObjectOffCarriageway,,,,,,,
4,Tree,veh,ObjectOffCarriageway,,,,,,,
5,Bus stop or bus shelter,veh,ObjectOffCarriageway,,,,,,,
6,Central crash barrier,veh,ObjectOffCarriageway,,,,,,,
7,Near/Offside crash barrier,veh,ObjectOffCarriageway,,,,,,,
8,Submerged in water,veh,ObjectOffCarriageway,,,,,,,
9,Entered ditch,veh,ObjectOffCarriageway,,,,,,,
10,Other permanent object,veh,ObjectOffCarriageway,,,,,,,
11,Wall or fence,veh,ObjectOffCarriageway,,,,,,,
-1,Data missing or out of range,veh,ObjectOffCarriageway,,,,,,,
0,Did not impact,veh,PointofImpact,,,,,,,
1,Front,veh,PointofImpact,,,,,,,
2,Back,veh,PointofImpact,,,,,,,
3,Offside,veh,PointofImpact,,,,,,,
4,Nearside,veh,PointofImpact,,,,,,,
-1,Data missing or out of range,veh,PointofImpact,,,,,,,
1,Petrol,veh,Propulsion,,,,,,,
2,Heavy oil,veh,Propulsion,,,,,,,
3,Electric,veh,Propulsion,,,,,,,
4,Steam,veh,Propulsion,,,,,,,
5,Gas,veh,Propulsion,,,,,,,
6,Petrol/Gas (LPG),veh,Propulsion,,,,,,,
7,Gas/Bi-fuel,veh,Propulsion,,,,,,,
8,Hybrid electric,veh,Propulsion,,,,,,,
9,Gas Diesel,veh,Propulsion,,,,,,,
10,New fuel technology,veh,Propulsion,,,,,,,
11,Fuel cells,veh,Propulsion,,,,,,,
12,Electric diesel,veh,Propulsion,,,,,,,
 M,Undefined,veh,Propulsion,,,,,,,
1,Male,veh,SexDriver,,,,,,,
2,Female,veh,SexDriver,,,,,,,
3,Not known,veh,SexDriver,,,,,,,
-1,Data missing or out of range,veh,SexDriver,,,,,,,
0,None,veh,SkiddingOverturning,,,,,,,
1,Skidded,veh,SkiddingOverturning,,,,,,,
2,Skidded and overturned,veh,SkiddingOverturning,,,,,,,
3,Jackknifed,veh,SkiddingOverturning,,,,,,,
4,Jackknifed and overturned,veh,SkiddingOverturning,,,,,,,
5,Overturned,veh,SkiddingOverturning,,,,,,,
-1,Data missing or out of range,veh,SkiddingOverturning,,,,,,,
1,N,veh,To,,,,,,,
2,NE,veh,To,,,,,,,
3,E,veh,To,,,,,,,
4,SE,veh,To,,,,,,,
5,S,veh,To,,,,,,,
6,SW,veh,To,,,,,,,
7,W,veh,To,,,,,,,
8,NW,veh,To,,,,,,,
0,No tow/articulation,veh,TowingArticulation,,,,,,,
1,Articulated vehicle,veh,TowingArticulation,,,,,,,
2,Double or multiple trailer,veh,TowingArticulation,,,,,,,
3,Caravan,veh,TowingArticulation,,,,,,,
4,Single trailer,veh,TowingArticulation,,,,,,,
5,Other tow,veh,TowingArticulation,,,,,,,
-1,Data missing or out of range,veh,TowingArticulation,,,,,,,
1,0 - 5,veh,VehAgeBand,,,,,,,
2,10-Jun,veh,VehAgeBand,,,,,,,
3,15-Nov,veh,VehAgeBand,,,,,,,
4,16 - 20,veh,VehAgeBand,,,,,,,
5,21 - 25,veh,VehAgeBand,,,,,,,
6,26 - 35,veh, ,,,,,,,
7,36 - 45,veh,VehAgeBand,,,,,,,
8,46 - 55,veh,VehAgeBand,,,,,,,
9,56 - 65,veh,VehAgeBand,,,,,,,
10,66 - 75,veh,VehAgeBand,,,,,,,
11,Over 75,veh,VehAgeBand,,,,,,,
-1,Data missing or out of range,veh,VehAgeBand,,,,,,,
1,Pedal cycle,veh,VehicleType,,,,,,,
2,Motorcycle 50cc and under,veh,VehicleType,,,,,,,
3,Motorcycle 125cc and under,veh,VehicleType,,,,,,,
4,Motorcycle over 125cc and up to 500cc,veh,VehicleType,,,,,,,
5,Motorcycle over 500cc,veh,VehicleType,,,,,,,
8,Taxi/Private hire car,veh,VehicleType,,,,,,,
9,Car,veh,VehicleType,,,,,,,
10,Minibus (8 - 16 passenger seats),veh,VehicleType,,,,,,,
11,Bus or coach (17 or more pass seats),veh,VehicleType,,,,,,,
16,Ridden horse,veh,VehicleType,,,,,,,
17,Agricultural vehicle,veh,VehicleType,,,,,,,
18,Tram,veh,VehicleType,,,,,,,
19,Van / Goods 3.5 tonnes mgw or under,veh,VehicleType,,,,,,,
20,Goods over 3.5t. and under 7.5t,veh,VehicleType,,,,,,,
21,Goods 7.5 tonnes mgw and over,veh,VehicleType,,,,,,,
22,Mobility scooter,veh,VehicleType,,,,,,,
23,Electric motorcycle,veh,VehicleType,,,,,,,
90,Other vehicle,veh,VehicleType,,,,,,,
97,Motorcycle - unknown cc,veh,VehicleType,,,,,,,
98,Goods vehicle - unknown weight,veh,VehicleType,,,,,,,
-1,Data missing or out of range,veh,VehicleType,,,,,,,
,,,,,,,,,,
,,,,,,,,,,
,,,,,,,,,,
,,,,,,,,,,
,,,,,,,,,,
,,,,,,,,,,
,,,,,,,,,,
,,,,,,,,,,
,,,,,,,,,,
,,,,,,,,,,
,,,,,,,,,,
,,,,,,,,,,
,,,,,,,,,,
